YONGIN-SI,37.2405741,127.1785572
TOKYO,35.6828387,139.7594549
DAEJEON,36.3496963,127.384902
OSAKA,34.6937569,135.5014539
SEOUL,37.5666791,126.9782914
KANAGAWA,35.4342935,139.374753
SUWON-SI,37.2633325,127.0287472
YOKOHAMA,35.444991,139.636768
TOYOTA,-8.69557925,115.257926736831
KYOTO,35.0231321,135.7634074
FUKUSHIMA,37.760777,140.4745807
WAKO,35.7817053,139.6058692
SAITAMA,35.9754168,139.4160114
SHENZHEN,22.5445697,114.0545346
UTSUNOMIYA,36.5549677,139.8828776
GYEONGGI-DO,37.2700459,127.1033484
NAGOYA,35.15792,136.90448
SAN JOSE,37.3361905,-121.8905833
KAWASAKI,35.523142,139.708024
HIRAKATA,34.818215,135.659225
TAIPEI,25.0375198,121.5636796
CHIBA,35.609985,140.118126
IBARAKI,36.3420485,140.398432594098
KOBE,34.6932379,135.1943764
BEIJING,39.906217,116.3912757
KARIYA,34.974678,137.002791
ANN ARBOR,42.2681569,-83.7312291
HITACHINAKA,36.3965834,140.5346906
SUNNYVALE,37.3688301,-122.0363496
SAN DIEGO,32.7174209,-117.1627714
MORIGUCHI,34.746898,135.566663
ROCHESTER,43.157285,-77.615214
HITACHI,36.5890835,140.763958053066
HYOGO,34.914934,134.860666
TROY,39.9572342,26.2378572066844
SUSONO,35.21843,138.881738
AICHI,34.9991645,137.254574
NARA,34.2963089,135.8816819
TOYOHASHI,34.769123,137.391461
YOKOSUKA,35.24063,139.660865
VANCOUVER,49.2608724,-123.1139529
HSINCHU,24.8066333,120.9686833
SHIZUOKA,34.8566552,138.4855544
AUSTIN,30.2711286,-97.7436995
ANJO,34.947764,137.075563
STUTTGART,48.7784485,9.1800132
NEW TAIPEI,25.011997,121.4656619
MOUNTAIN VIEW,37.3893889,-122.0832101
SAN FRANCISCO,37.7647993,-122.4629897
TUCSON,32.2218917,-110.9262353
SHANGHAI,31.2253441,121.4888922
SEONGNAM-SI,37.4201556,127.1262092
KANAGAWA-KEN,35.4342935,139.374753
OKAZAKI,34.950974,137.260842
PALO ALTO,37.4455862,-122.1619289
PITTSFORD,43.090959,-77.515298
CAMBRIDGE,52.2034823,0.1235817
CANTON,23.1301964,113.2592945
SUMOTO,34.3468573,134.868214
RICHLAND,38.7060457,-88.0949352
FREMONT,37.5482697,-121.9885719
FUJISAWA,35.364842,139.465077
ROCHESTER HILLS,42.6583661,-83.1499322
MIYAGI,38.3880155,140.9761025
CUPERTINO,37.3228934,-122.0322895
TSUKUBA,36.0833877,140.0765098
CHIGASAKI,35.329479,139.405371
TAOYUAN COUNTY,28.889606,111.252621
MADISON,43.074761,-89.3837613
SAKAI,34.529124,135.50156
CHEONAN,36.8150283,127.1140654
ALBUQUERQUE,35.0841034,-106.6509851
FAIRPORT,43.0993,-77.443014
AICHI-KEN,34.9991645,137.254574
TOKUSHIMA,33.9196418,134.2509634
NISKAYUNA,42.8076585,-73.8750206265193
CHIYODA-KU,35.6938097,139.7532163
SHIGA,35.247154,136.109385
BANGALORE,12.9791198,77.5912997
PORTLAND,45.5202471,-122.6741949
KATANO,34.792144,135.678333
SETTSU,34.782761,135.553584
HWASEONG-SI,37.1994653,126.8312632
SANTA CLARA,37.3541132,-121.9551744
RALEIGH,35.7803977,-78.6390989
HONEOYE FALLS,42.9519038,-77.5914322
BUSAN,35.1799528,129.0752365
TAIPEI HSIEN,24.98961855,121.546818791528
HOUSTON,29.7589382,-95.3676974
SEATTLE,47.6038321,-122.3300624
BERKELEY,37.8708393,-122.2728639
NAPERVILLE,41.7728699,-88.1479278
EAST AMHERST,43.0183913,-78.696697
YONGIN,37.2405741,127.1785572
BLOOMFIELD HILLS,42.583645,-83.2454883
YAMAGUCHI,34.2379614,131.5873845
SAGAMIHARA,35.56559,139.236215
PITTSBURGH,40.4416941,-79.9900861
WATERLOO,43.466874,-80.524635
BROOKFIELD,43.0605671,-88.1064787
CHEONAN-SI,36.8150283,127.1140654
CHICAGO,41.8755616,-87.6244212
HENDERSON,40.8156124,-90.9104547
FUKUOKA,33.6251241,130.6180016
MUNICH,48.1371079,11.5753822
TAKASAKI,36.3220984,139.0032758
ATLANTA,33.7490987,-84.3901849
LOS ANGELES,34.0536834,-118.2427669
BALTIMORE,39.2908816,-76.610759
GUANGDONG,23.1357694,113.1982688
CARY,35.7882973,-78.7811925
HIROSHIMA,34.3916058,132.4518156
NAGANO,36.1143945,138.0319015
ATSUGI,35.4603975,139.317505504304
MENLO PARK,37.4538274,-122.1821871
VICTOR,38.4234318,-81.4262309
UBE,33.9516458,131.2468368
TAICHUNG,24.163162,120.6478282
NEYAGAWA,34.76751,135.633907
NOVI,42.48059,-83.4754913
LOS GATOS,37.226611,-121.9746797
ITAMI,34.786159,135.407994
KITAKYUSHU,33.8829996,130.8749015
PLYMOUTH,50.3712659,-4.1425658
CENTERVILLE,31.2579584,-95.978292
LOS ALTOS,37.3790629,-122.116578
BERLIN,52.5170365,13.3888599
KASUGAI,35.273804,137.007459
SINGAPORE,1.2904753,103.8520359
LAWRENCEVILLE,33.9562149,-83.9879625
CORVALLIS,44.5645659,-123.2620435
KAOHSIUNG,22.6203348,120.3120375
KNOXVILLE,35.9603948,-83.9210261
TORONTO,43.653963,-79.387207
NORTHVILLE,42.4310806,-83.4832262
SUWON,37.2633325,127.0287472
MANCHESTER,53.4791301,-2.2441009
GRENOBLE,45.1875602,5.7357819
STERLING HEIGHTS,42.5803122,-83.0302033
CLIFTON PARK,42.8656325,-73.7709535
DEARBORN,42.3222599,-83.1763145
LIVERMORE,37.6820583,-121.7680531
INCHEON,37.4734048,126.6165903
CALGARY,51.02532675,-114.049868485806
MINATO-KU,35.6432274,139.7400553
OAKLAND,37.8044557,-122.2713563
PHOENIX,33.4485866,-112.0773456
FRAMINGHAM,42.2792625,-71.416172
NAGAOKAKYO,34.924418,135.680271
SUITA,34.764884,135.51735
TAOYUAN,24.993923,121.30168
WEST BLOOMFIELD,44.2208134,-88.9717809
PLEASANTON,37.6624312,-121.8746789
FARMINGTON HILLS,42.4853125,-83.3771553
GLASTONBURY,51.14804,-2.716577
WAUKESHA,43.0116784,-88.2314813
COLUMBUS,39.9622601,-83.0007065
SOUTH WINDSOR,41.8489872,-72.5717551
BELLEVUE,47.6144219,-122.1923372
LIVONIA,42.36837,-83.3527097
MILWAUKEE,43.0349931,-87.922497
MINNEAPOLIS,44.9772995,-93.2654692
BOSTON,42.3602534,-71.0582912
IRVINE,55.6143018,-4.6655544
NEW MILFORD,41.5867418,-73.4117653831255
AUCKLAND,-36.8534665,174.7655514
BEND,44.0581728,-121.3153096
HSINCHU COUNTY,24.8267,121.0128333
SCHENECTADY,42.8142432,-73.9395687
WILLIAMSVILLE,42.9637836,-78.7377258
MIYOSHI,34.81024,132.851691
BURNABY,49.2433804,-122.9725459
TAKATSUKI,34.8812905,135.6012398
CHEONGJU-SI,36.6421169,127.4891742
REDWOOD CITY,37.4863239,-122.2325233
SENDAI,38.2677554,140.8691498
TAEJEON,35.9195594,128.5473324
ALBANY,42.6511674,-73.754968
LAFAYETTE,30.2240897,-92.0198427
SPOKANE,47.6579425,-117.4212265
HAMAMATSU,34.7109786,137.7259431
IKEDA,34.819371,135.433332
WEST HARTFORD,41.7620447,-72.7420399
DANBURY,41.394817,-73.4540111
HONG KONG,22.2793278,114.1628131
KADOMA,-18.20546265,29.6770779518282
REDMOND,47.6694141,-122.1238767
AVON,39.6329025,-106.471183807855
EINDHOVEN,51.4392648,5.478633
DENVER,39.7391428,-104.984696
PASADENA,34.1476452,-118.1444779
BOULDER,40.0149856,-105.2705456
CHUNGCHEONGNAM-DO,36.478804,126.7697247
NISHIKAMO-GUN,999.0,999.0
PARIS,48.8566101,2.3514992
PLANO,33.0136764,-96.6925096
STILLWATER,36.1156306,-97.0585717
WEBSTER,999.0,999.0
CHARLOTTE,35.2270869,-80.8431268
TAOYUAN HSIEN,28.9054056,111.4832027
ERLANGEN,49.5981187,11.003645
NORTH VANCOUVER,49.3207133,-123.0737831
TOCHIGI,36.3824655,139.7341435
BELMONT,45.87791155,5.65290826978598
MISHIMA,35.147361,138.948903
SHIOYA-GUN,36.813298,139.797505550956
INASHIKI-GUN,35.989816,140.2654674
INDIANAPOLIS,39.7683331,-86.1583502
KASAI,-5.3498001,21.424098
ACTON,51.5081402,-0.2732607
ANNAKA,36.3263653,138.8878314
CHANDLER,33.3067132,-111.8408489
NEWARK,40.735657,-74.1723667
MONTREAL,45.4972159,-73.6103642
GYUNGGI-DO,37.28816535,127.033475798644
MIDLAND,43.6155825,-84.2472117
MITO,36.3651291,140.4716374
TORRANCE,33.8358492,-118.3406288
SAN MATEO,37.496904,-122.3330573
YOKKAICHI,34.9648428,136.624845
NISSHIN,35.139303,137.053708
YPSILANTI,42.2410562,-83.613055
MILAN,45.4667971,9.1904984
NIIHAMA,33.9603497,133.2835899
SARATOGA,43.0833231,-73.8712155
SOMERVILLE,42.3875968,-71.0994968
ARLINGTON,32.701939,-97.105624826688
KOSAI,34.710542,137.531599
MENOMONEE FALLS,43.1789322,-88.1167148
NEW YORK,40.7308619,-73.9871558
IKOMA,34.6915267,135.6961681
LONDON,51.5073219,-0.1276474
PENFIELD,43.1301133,-77.4759588
ST. PAUL,44.9504037,-93.1015026
ULM,48.3973944,9.9932755
VALENCIA,39.4699014,-0.3759513
DUBLIN,53.3497645,-6.2602732
RICHMOND,37.5385087,-77.43428
SAITAMA-KEN,35.9754168,139.4160114
LUDWIGSHAFEN,49.479236,8.439117
MAINZ,50.0012314,8.2762513
MISSISSAUGA,43.590338,-79.645729
OTSU,35.0048168,135.8687055
ROUND ROCK,30.508235,-97.6788934
WOODBURY,44.92317,-92.9588282
YAMAGUCHI-KEN,34.2379614,131.5873845
GRAZ,47.0702563,15.4385716
KAMAKURA,35.329564,139.54442
GWANGJU,35.1601443,126.8513006
LITTLETON,39.613321,-105.0166498
SAKU,36.2488014,138.4767695
BLOOMFIELD,40.806767,-74.1854226
MIE,39.7837304,-100.4458825
TOKAI,48.1235534,21.4113895
BRIGHTON,50.8220399,-0.1374061
ISEHARA,35.408708,139.298560985065
SHIZUOKA-KEN,34.8566552,138.4855544
SALT LAKE CITY,40.7670126,-111.8904308
STANFORD,37.4248398,-122.1677058
WAUWATOSA,43.0494122,-88.0079271
WEST VANCOUVER,49.3311208,-123.1594791
WESTFORD,42.5792583,-71.4378411
ANYANG-SI,37.3938528,126.9570605
COLUMBIA,2.8894434,-73.783892
COQUITLAM,49.2842958,-122.793281
SURREY,51.2715316,-0.341452351129091
GUNMA,36.52198,139.033483
MAPLE GROVE,45.0759797,-93.4561052
WESTLAKE,41.4553232,-81.9179174
EDMONTON,53.535411,-113.507996
MARIETTA,33.9528472,-84.5496148
NEWTON,42.3370414,-71.2092214
SAN RAFAEL,37.9735346,-122.5310874
STATE COLLEGE,40.7944504,-77.8616386
TSU,34.7341973,136.5153283
WALTHAM,42.3756401,-71.2358004
DRESDEN,51.0493286,13.7381437
HAMBURG,53.550341,10.000654
LOS ALAMOS,35.8814009,-106.2989958
LOUISVILLE,38.2542376,-85.759407
ROCKFORD,42.2713945,-89.093966
CARMEL,39.9788383,-86.118731
VERNON,999.0,999.0
WALNUT CREEK,37.9020731,-122.0618702
DANVILLE,40.125222,-87.6304614
FRANKFURT,50.1106444,8.6820917
ITANO-GUN,34.1360772,134.4978162
READING,51.456659,-0.9696512
ROYAL OAK,42.4894801,-83.1446485
SOUTHFIELD,42.4733689,-83.2218731
TOCHIGI-KEN,36.6773965,139.779485315613
WARREN,40.8442828,-90.6168408
HUDSON,40.7381635,-74.0550731
KITCHENER,43.453168,-80.494423
MAKINOHARA,34.718766,138.18517
MILFORD,41.2222218,-73.0570603
ASAKA,35.7970861,139.593733
MARLBOROUGH,-41.47447475,173.833026257761
WHITESVILLE,38.4587266,-75.4268631
BOISE,43.61656,-116.200835
CAMPBELL,999.0,999.0
CYPRESS,33.8248235,-118.0399368
EBINA,35.43873105,139.390337383208
OKAYAMA,34.8581334,133.7759256
TAINAN,22.9912348,120.184982
WESTON,51.3471927,-2.9778916
BORDEAUX,44.841225,-0.5800364
DAEGU,35.8494916,128.5599518
DERBY,52.9212617,-1.4761491
DALLAS,32.7762719,-96.7968559
ELLICOTT CITY,39.2673284,-76.7983067
GAINESVILLE,29.6519396,-82.3249961
HIRATSUKA,35.357674,139.318278
SETO,35.240984,137.116187
CINCINNATI,39.1014537,-84.5124602
ELLWANGEN,47.976881,9.9412786
HSIN-CHU,38.76502,112.385805
KYUNGKI-DO,999.0,999.0
LUDVIKA,60.1503771,15.1813989
OXFORD,51.7520131,-1.2578499
DARMSTADT,49.872775,8.651177
PLANTATION,26.1265258,-80.257861237651
SANTA CLARITA,34.3916641,-118.542586
SAUGUS,44.959244,3.5446108
TOYONAKA,34.7862025,135.4737093
WILMINGTON,39.7459468,-75.546589
AACHEN,50.776351,6.083862
CHANGHUA HSIEN,30.1658896,119.212585
SODEGAURA,35.4296688,139.9544661
SUWON-SI,37.2633325,127.0287472
BOCA RATON,26.3586885,-80.0830984
KAKEGAWA,34.793469,138.018733
LEXINGTON,38.0464066,-84.4970393
WAKAYAMA,33.8070292,135.5930743
CHIRYU,35.001553,137.05557
DUBUQUE,42.5006217,-90.6647967
SANTA BARBARA,34.4221319,-119.7026673
SUFFIELD,41.9817631,-72.6506462
YAO,34.626275,135.605845
DURHAM,54.666667,-1.75
KASHIWAZAKI,37.3719095,138.5591406
NAGASAKI,33.1154683,129.7874339
NEW BERLIN,42.976453,-88.1090391
RICHARDSON,32.9481789,-96.7297206
WIESBADEN,50.0820384,8.2416556
CHAMPAIGN,40.1164205,-88.2433829
CHEONGWON-GUN,35.3101381,129.2280744
ESSLINGEN,48.7427584,9.3071685
JERUSALEM,31.778345,35.2250786
OAK RIDGE,36.0103562,-84.2696449
SHELBY TOWNSHIP,42.6702185,-83.0342624825581
WOODBRIDGE,52.0940952,1.3201301
CHURCHVILLE,40.1973955,-74.9982862205473
GENESEO,41.4525214,-90.1548426
KIRKLAND,47.6859573,-122.1920249
WEST HENRIETTA,43.0400626,-77.6616685
AMAGASAKI,34.7288995,135.412989
BOLINGBROOK,41.7003302,-88.0717708
KAWACHI-GUN,36.4538257,139.9190619
PHILADELPHIA,39.9524152,-75.1635755
YOUNGIN-SI,35.446771,-82.794264
BEDFORD,52.1363806,-0.4675041
DOWNERS GROVE,41.7938195,-88.010376
EAGAN,44.818173,-93.1659179
HUNTINGTON BEACH,33.6783336,-118.0000166
NASHUA,42.7653662,-71.467566
NASUSHIOBARA,36.9615733,140.045935
PRINCETON,40.3492744,-74.6592958
RACINE,42.7260523,-87.7825242
SAN CARLOS,6.19008655,-74.942193364632
SCOTTSDALE,33.5091215,-111.8992365
TAKEHARA,34.347259,132.896308
GILBERT,33.3528259,-111.7890239
PELLA,12.57675405,-2.05303011472362
ST. CHARLES,41.9139516,-88.3125302
VERONA,45.4384958,10.9924122
WAKE FOREST,35.9803138,-78.5103731
WEST BEND,43.4252776,-88.1834277
CARLSBAD,33.1580933,-117.3505966
CORAL SPRINGS,26.26485615,-80.2653420379876
FISHERS,39.9555928,-86.0138729
GREENSBORO,36.0726355,-79.7919754
LAKEWOOD,39.6311085,-105.11005818223
LOUGHBOROUGH,52.7723859,-1.2077985
SAN ANTONIO,29.4246002,-98.4951405
WOODSIDE,37.4299388,-122.2538557
AICHI-GUN,35.1089068,137.0616164
HITACHIOTA,36.537871,140.530952
IWAKUNI,34.1664995,132.2191163
MEQUON,43.2219088,-87.9822969
MIAMI,25.7742658,-80.1936589
NARUTO,34.1725784,134.608408
ORINDA,37.8771476,-122.1796888
OTTAWA,45.421106,-75.690308
SALEM,44.9391565,-123.033121
STONINGTON,41.3359327,-71.9059042
WINDSOR,42.30423,-83.029861
ALTADENA,34.1863161,-118.1352329
GRAND BLANC,42.9275277,-83.6299518
MONROE,38.2722313,-90.1792484
ROANOKE,37.274532,-79.9602096795782
TAMPA,27.9477595,-82.458444
DONGGUAN,23.0444712,113.7465512
FOSTER CITY,37.5600336,-122.2688522
JOPLIN,37.0842271,-94.513281
KASSEL,51.3076867,9.4624705
KENNEWICK,46.2083948,-119.1202072
LUDWIGSBURG,48.8956194,9.1895147
MIDDLETON,43.0962919,-89.5119565
NUMAZU,35.1030306,138.859806
SUWANEE,34.0514898,-84.0712997
AURORA,41.7571701,-88.3147539
DULUTH,46.7729322,-92.1251218
ERIE,42.1294712,-80.0852695
FUCHU,35.6611119,139.4734451
HOLLAND,52.5001698,5.7480821
LINCOLN,40.8,-96.667821
MILPITAS,37.4282724,-121.9066238
REHOVOT,31.8952532,34.8105616
SALINE,37.750075,-88.5302584
TAIPEI COUNTY,25.011997,121.4656619
TU-CHENG,24.972201,121.443348
WESTMINSTER,51.4973206,-0.137149
AUBURN,32.5461135,-85.4188030161554
BRISTOL,51.4538022,-2.5972985
NINGDE,26.6655699,119.5224895
SWARTHMORE,39.9020565,-75.3499124
TOLEDO,41.6786754,-83.5127283
WASHINGTON,38.8950092,-77.0365625
WESTERVILLE,40.1261743,-82.9290696
AGEO,35.9774082,139.5930504
ANDOVER,42.65717,-71.1408776
CHANGWON-SI,35.227956,128.6818586
CHAPEL HILL,35.9131542,-79.05578
GREENVILLE,34.851354,-82.3984882
GROSSE POINTE WOODS,42.4436478,-82.9068603
HIKONE,35.254276,136.215376
IWAKI,37.0504227,140.8876338
LOMIRA,43.591382,-88.443713
MIDDLETOWN,41.5623209,-72.6506488
NEEDHAM,42.283431,-71.2328329
OAKVILLE,43.447436,-79.666672
OBU,35.016207,136.954739
SACRAMENTO,38.5815719,-121.4943996
VIENNA,48.2083537,16.3725042
CHELMSFORD,51.7345436,0.4724544
DHAHRAN,26.2966528,50.1202146
FRANKLIN,37.9765409,-88.9335327
GOLDEN,39.755543,-105.2210997
KAKOGAWA,34.786771,134.8498955
LOUDONVILLE,42.7048009,-73.7548424
MEDINA,24.471153,39.6111216
RITTO,34.9951675,136.021990992069
YAWATA,34.860714,135.7164
YONGIN-SI,37.2405741,127.1785572
ZUSHI,35.2985044,139.5846717
BROOKLYN,40.6501038,-73.9495823
EHIME,33.6013646,132.8185275
ESPOO,60.2241869,24.6603626
GYEONGSANGBUK-DO,36.4004081,128.8611389
HIGASHIOSAKA,34.678147,135.597728
KIRISHIMA,31.812621,130.781662
MACOMB,40.4588934,-90.6713939
OVERLAND PARK,38.9742502,-94.6851702
PALMYRA,34.5560155,38.2809746
PARMA,44.8013678,10.3280833
RANCHO PALOS VERDES,33.7483311,-118.3707683
REDONDO BEACH,33.8455911,-118.3886766
SAKURA,35.7234619,140.2240158
ANDERSON,38.198077,-95.3067461
BATAVIA,-6.1753942,106.827183
BELLINGHAM,48.7544012,-122.4788361
FAIRBORN,39.8067455,-84.0102332768371
HILLSBORO,45.5228939,-122.989827
HOCKESSIN,39.7876112,-75.6966001
LATHAM,43.7754006,-123.0623019
SANTA MONICA,34.019657,-118.487549
SPENCERPORT,43.18645,-77.803897
TEL AVIV,32.0804808,34.7805274
WAITE HILL,41.6253256,-81.3778885
WATERFORD,52.2609997,-7.1119081
BEL AIR,25.01870525,-77.3723622106847
BRYAN,30.65805845,-96.3527592329039
GLENDALE,34.192912,-118.246248614754
GOTENBA,35.301048,138.877573
GRAFTON,43.9702453,-71.8742626
HOWELL,36.766989,-91.9151975
ICHIHARA,35.497775,140.1156996
KINGSTON,17.9712148,-76.7928128
MACHIDA,35.5623785,139.442781736362
MIHARA-GUN,34.456406,133.001139
NOBLESVILLE,40.0455918,-86.0085955
SANDA,34.8889881,135.2284629
SUSSEX,999.0,999.0
VÄSTERÅS,59.6110992,16.5463679
ZAMA,35.499205,139.420453
ALPHARETTA,34.0709576,-84.2747329
CAMAS,37.4020115,-6.0331571
COTTAGE GROVE,44.8277446,-92.9438218
FUKAYA,36.1974016,139.2816997
GERMANTOWN,40.0434449,-75.1801775
GUNPO-SI,37.3615229,126.9349025
LEONBERG,48.7997485,9.0127567
MOSCOW,55.7507178,37.6176606
RAANANA,32.1862752,34.8692427
ROSEVILLE,38.7521235,-121.2880059
SIMI VALLEY,34.2694474,-118.781482
TEMPE,33.4144139,-111.9094474
BALLSTON LAKE,42.9117428,-73.8681782
FAIRFIELD,38.2493581,-122.0399663
GEORGETOWN,38.2097967,-84.5588311
HANNOVER,52.3744779,9.7385532
HELSINKI,60.1674086,24.9425683
LAKE ORION,42.7844752,-83.2396612
NORFOLK,52.666667,1.0
ODAWARA,35.263676,139.150229
TOYOAKE,35.05936,137.013714
WELLESLEY,42.2964859,-71.2925571
AMIENS,49.8941708,2.2956951
COLORADO SPRINGS,38.8339578,-104.8253485
FONTAINE,45.9565643,2.16771705293561
FUKUSHIMA-KEN,37.3665245,140.263387765134
LEBANON,33.8750629,35.843409
STAMFORD,41.0534302,-73.5387341
WICHITA,37.6922361,-97.3375448
BROOKLYN PARK,45.1004807,-93.3443585
COLLEGEVILLE,40.1856597,-75.451571
FUJIOKA,36.258633,139.0745021
GRAND RAPIDS,42.9632405,-85.6678639
KARNATAKA,14.5203896,75.7223521
NORTH KINGSTOWN,41.5514283,-71.4693875
ORELAND,40.115489,-75.1811616016941
OWENSBORO,37.7742152,-87.1133304
SOUTH GLASTONBURY,41.6670438,-72.596757
BROOMFIELD,39.9379892,-105.0587294
FOX POINT,43.1575827,-87.9017501
HONEOYE,42.7908335,-77.5170721
KAWAGOE,35.9251145,139.4856927
LANCASTER,40.03813,-76.3056686
LONGUEUIL,45.5172382,-73.4467466
MISSION,26.2159066,-98.3252932
MÜNCHEN,48.1371079,11.5753822
OME,45.627283,10.121365
SAN RAMON,37.7799273,-121.9780153
SOUTHBURY,41.4814848,-73.2131693
BEVERLY HILLS,34.0736204,-118.4003563
BURLINGTON,44.4762975,-73.2135472
CHANGHUA COUNTY,24.0755667,120.5444667
DAYTON,39.7589478,-84.1916069
EAST HARTFORD,41.7623342,-72.62040920868
ENFIELD,51.6520851,-0.0810175
HACHIOJI,35.660175,139.283071
KIRCHHEIM,48.6102516,7.4966532
MURRYSVILLE,40.4284015,-79.697545
NEW WESTMINSTER,49.205728,-122.9108651
ROSKILDE,55.6433478,12.0819247
ROSWELL,33.3943282,-104.5229518
SHINJUKU-KU,35.6937632,139.7036319
SHOREWOOD,43.0883957,-87.8881302
WAYNE,38.4251958,-88.4197678
ALLENTOWN,40.6022059,-75.4712794
CARLISLE,54.8948478,-2.9362311
CEDAR PARK,30.5217116,-97.827833
IWATA,34.706481,137.851285
LA JOLLA,32.8335005,-117.2616203
MONROVIA,6.328034,-10.797788
NORTH TONAWANDA,43.038668,-78.8642034
SARATOGA SPRINGS,43.0821793,-73.7853915
ST. PETERSBURG,59.938732,30.316229
TAKAHAMA,34.920796,136.988604
TOULOUSE,43.6044622,1.4442469
TRACY,37.7396513,-121.4252227
TSUCHIURA,36.0781788,140.2044486
TSUNA-GUN,34.4472461,134.8759018
ULSAN,35.5487857,129.252024
VILLACH,46.6167284,13.8500268
ALEXANDRIA,31.199004,29.894378
CHINO,34.0133561,-117.690075
EL CERRITO,33.8410146,-117.52079778812
FARMINGTON,36.7304288,-108.2089191
GUANGZHOU,23.1301964,113.2592945
INGOLSTADT,48.7630165,11.4250395
MONTE SERENO,37.236333,-121.992458
NAKA-GUN,36.4601655,140.5738005
NISHIO,34.822498,137.069626
QUIMPER,47.9960325,-4.1024782
SAINT PAUL,43.697972,7.1216304
SOUTH LYON,42.451377,-83.659179
BERKLEY,42.5030909,-83.1835389
BURLINGAME,37.5841026,-122.3660825
CHUO-KU,35.666255,139.775565
CLEVELAND,41.5051613,-81.6934446
FUNABASHI,35.699997,139.988668
KITAKATSURAGI-GUN,34.5691994,135.7214497
LAGUNA NIGUEL,33.5225261,-117.7075526
MANNHEIM,49.489591,8.467236
MISSION VIEJO,33.5965685,-117.659405
NORWOOD,42.194543,-71.1994976
SHIJONAWATE,34.730447,135.674005
SPRING,30.0798826,-95.4172549
VICTORIA,-36.5986096,144.6780052
AKASHI,34.6832635,134.9476925
ALLEN,37.8882168,-95.3170208
EDINA,44.8897027,-93.3501222
ELMHURST,41.8994745,-87.9403418
FENTON,52.9982217,-2.1566384
GYEONGSANGNAM-DO,35.375617,128.3301115
HADANO,35.40364,139.202422964984
ICHINOMIYA,35.304878,136.806915
ISSAQUAH,47.5348778,-122.0432974
KIYOSU,35.21595,136.845107
SAYAMA,35.8528971,139.4122999
SCOTIA,56.7861112,-4.1140518
ZHEJIANG,29.0000001,119.9999999
ZIBO,36.8047833,118.0444472
APEX,35.7325352,-78.8505516
BROWN DEER,43.1642538,-87.964278
COLLEGE STATION,30.6253463,-96.3271538
DONGDUCHEON-SI,37.9030856,127.0605175
FENNVILLE,42.5941052,-86.1045955
FORT MCDOWELL,33.6367105,-111.6745826
FUTTSU,35.3039146,139.8570499
HAMPSHIRE,51.083333,-1.166667
HANGZHOU,30.2489634,120.2052342
HOLLISTON,42.2000966,-71.4245049
IDAHO FALLS,43.4935245,-112.0400919
JACKSON,32.2990384,-90.1847691
KYOTANABE,34.8029175,135.760651
LAS VEGAS,36.1662859,-115.149225
MESA,33.436188,-111.586066176293
MINAMIAWAJI,34.2556695,134.762265
NANJING,32.0609736,118.7916458
PARKVILLE,39.7812115,-76.9633133
PORTOLA VALLEY,37.3841067,-122.2352443
VASTERAS,59.6110992,16.5463679
XI'AN,34.2660171,108.9424252
ALTAMONT,42.7006324,-74.0337382
BIRMINGHAM,52.4775396,-1.894053
BOTHELL,47.7598697,-122.2068288
CEDAR RAPIDS,41.9758872,-91.6704053
DELAFIELD,43.0610275,-88.4040692
FALLSTON,39.5145515,-76.4110732
FOLSOM,38.6779591,-121.1760583
FUKUOKA-KEN,33.6251241,130.6180016
GREENWOOD,25.0614787,-77.3111952674111
HAIFA,32.8191218,34.9983856
HARTFORD,41.7655582,-72.6906127614661
KOMAKI,35.3066073,136.934098
LEICESTERSHIRE,52.666667,-1.0
LOS ALTOS HILLS,37.3796627,-122.1374637
MELROSE,42.4564323,-71.064182
PEMBROKE PINES,26.02322025,-80.3412390662562
SHINJUKU-KU,35.6937632,139.7036319
TURIN,45.0677551,7.6824892
WINCHESTER,51.0612766,-1.3131692
WOODINVILLE,47.7545827,-122.1588902
WUHAN,30.5941299,114.2984414
AKRON,41.083064,-81.518485
BUFFALO,42.8867166,-78.8783922
CHENGDU,30.6765553,104.0612783
COLUMBIA STATION,41.3131066,-81.9468057
EVANSTON,42.0447388,-87.6930459
GIFU,35.7867449,137.0460777
GREEN BAY,44.5126379,-88.0125794
ITHACA,42.4396039,-76.4968019
NORTON,39.7944702,-99.9100033
SIMPSONVILLE,34.7370639,-82.2542834
TRONDHEIM,63.4305658,10.3951929
WEST HILLS,56.5921226,-2.7582519
AYASE,35.4463689,139.4309254
BURBANK,34.1816482,-118.3258554
CHESTERFIELD,53.2352134,-1.4264097
EAGLE,39.6161124,-106.7172844
GOYANG-SI,37.6581862,126.8319452
MORAGA,37.834897,-122.12883
NORTH RIDGEVILLE,41.3894905,-82.0190321
PENANG,5.4065013,100.2559077
REGENSBURG,49.0195333,12.0974869
RENO,51.83706805,6.17787929192103
SANDY HOOK,38.0864739,-83.1262839
SANTA FE,-31.6186951,-60.7019561
SCARBOROUGH,54.2847601,-0.4090339
SHARON,41.2331116,-80.4934035
SHREWSBURY,52.7078866,-2.7540094
SICHUAN,30.5000001,102.4999999
SOUTHAMPTON,50.9025349,-1.404189
TOLLAND,41.818446,-72.3562252
TONAWANDA,43.020679,-78.878383
WHITE LAKE,45.157193,-88.764551
WHITE MARSH,39.3819338,-76.457304
BASKING RIDGE,40.7064088,-74.5492725
BIG FLATS,44.1118573,-89.8078819
BROOKLINE,42.3317642,-71.1211635
BRUNSWICK,52.2646577,10.5236066
BUCHEON-SI,37.5014422,126.7660139
GUMI-SI,36.1195513,128.3444692
HANNO,35.8556902,139.3276436
IBARAKI-KEN,36.3420485,140.398432594098
KAGAWA,34.288472,133.947083
KOWLOON,22.3272706,114.1898678
LAKELAND,28.0394654,-81.9498042
NAGAKUTE,35.174318,137.070047
NISSIN,35.139303,137.053708
SHENYANG,41.8045293,123.4277858
SHOREVIEW,45.0722056,-93.1282878
STRONGSVILLE,41.3144733,-81.83511
TAEJON,36.3496963,127.384902
ABERDEEN,57.1482429,-2.0928095
BETHEL,60.7922222,-161.7558333
FREIBURG,47.9960901,7.8494005
HAMDEN,41.3959287,-72.8968716
HAMILTON,43.255205,-79.868202
KAGOSHIMA,31.521587,130.5474077
KITAIBARAKI,36.8018507,140.7513188
KOKOMO,40.4864444,-86.1336351
LANSDALE,40.2414952,-75.2837862
LONG BEACH,33.78538945,-118.158049315311
LONGMONT,40.1672117,-105.1019287
NAKA,35.169311,136.900856
NEWTOWN,52.5135785,-3.314371
OXFORDSHIRE,51.833333,-1.25
PEWAUKEE,43.0805651,-88.2612045
POHANG-SI,36.0189315,129.3429384
POWAY,32.9628234,-117.0358646
REXFORD,42.8531321,-73.8879008
ROUND LAKE,44.5087863,-65.0185177716162
TOKOROZAWA,35.7994271,139.4687478
TSURUGASHIMA,35.9346812,139.3929735
WESTBOROUGH,42.2694308,-71.6129907
BETHLEHEM,31.7045206,35.2037665
BRAUNSCHWEIG,52.2646577,10.5236066
DECATUR,39.8454163,-88.9524151
EMMAUS,40.5395421,-75.4968502
HAMURA,35.764833,139.307862
HIROSHIMA-KEN,34.5666725,132.753565
MARTINEZ,38.0138934,-122.1338674
MATSUMOTO,36.2382047,137.9687141
METAMORA,41.7118216,-83.9102456
MINNETONKA,44.9127229,-93.499059
NAPLES,40.8359336,14.2487826
NETANYA,32.3286181,34.8566246
NISHIKASUGAI-GUN,35.2418411,136.9109393
NORCROSS,33.9412127,-84.2135309
NOTTINGHAM,52.9534161,-1.1492773
OITA,33.1819875,131.4270217
OLYMPIA,37.6381951,21.6301481641478
ONTARIO,50.000678,-86.000977
PEORIA,40.6938609,-89.5891008
SUGAR LAND,29.6196787,-95.6349463
TAIPEI HSIEH,25.0299739,121.516239
THORNTON,39.8695516,-104.9851819
THOUSAND OAKS,34.17142715,-118.910587729744
UNION CITY,37.5963232,-122.0816297
YAMATOTAKADA,34.5150901,135.7364961
CERRITOS,22.419062,-100.298054060112
CHESHIRE,53.2141028,-2.47177008607121
CLAWSON,42.5333682,-83.1463166
CORNING,42.1435257,-77.0543408
FOREST LAKE,45.279106,-92.9851629
HIMEJI,34.8160532,134.6854525
ICHIKAWA,35.729412,139.928568
KASHIHARA,34.5094067,135.792955
KUSATSU,35.0179088,135.96046
MACOMB TOWNSHIP,42.7008653,-82.9590938
OAK BROOK,41.8328085,-87.9289504
RHEDE,51.8363135,6.696091
SHERBROOKE,45.403271,-71.889038
UIWANG-SI,37.3584028,126.989345672232
WEST JORDAN,40.6096698,-111.9391031
WINSTON-SALEM,36.0998131,-80.2440518
WOBURN,42.4792618,-71.1522766
ARCADIA,34.1362075,-118.0401497
ASAN-SI,36.7895644,127.0027432
ASHLAND,38.4784144,-82.6379387
BOUCHERVILLE,45.6050197,-73.4526144
CHENNAI,13.0801721,80.2838331
CHRISTCHURCH,-43.530955,172.6366455
DAITO,34.710679,135.635478
DALIAN,38.920716,121.6388678
FORT WAYNE,41.0799898,-85.1386015
GLEN GARDNER,40.6967671,-74.9407248
GLENDORA,34.1361187,-117.865339
GROSSE POINTE PARK,42.3816896,-82.9313655
GUNMA-KEN,36.52198,139.033483
HIGHLAND,57.5066357,-5.0038367
HINO,35.6610715,139.4147051
IZUMI,34.43108,135.474789
KARLSRUHE,49.0068705,8.4034195
KODAIRA,35.72522,139.476606
LAKE FOREST,42.2586342,-87.840625
LEINFELDEN-ECHTERDINGEN,48.6901796,9.1525725
MINO,34.862898,135.475719
MONROEVILLE,40.4211798,-79.7881025
MORRISTOWN,40.7970384,-74.4809492
NAUGATUCK,41.4860186,-73.0509432
NERIMA-KU,35.74836,139.638735
NORTH OLMSTED,41.4156025,-81.9234726
OAK PARK,41.8878145,-87.7887615
OAKBROOK,41.1122969,-74.0106563
ORLANDO,28.5421097,-81.3790388
OULU,65.0118734,25.4716809
OWATONNA,44.0839937,-93.2261076
PLEASANTVILLE,41.1328736,-73.7926335
SPRINGFIELD,39.7990175,-89.6439575
ST. LOUIS,38.6272733,-90.1978889
SUPERIOR,46.7207737,-92.1040796
THORNHILL,43.8161477,-79.4245925
TOYAMA,36.6468015,137.2183531
WAIBLINGEN,48.8317396,9.3158532
WHITEHOUSE STATION,40.61538,-74.7704409
AMHERST,42.3803676,-72.523143
AVON LAKE,41.510029,-82.0185891
BROSSARD,45.4554829,-73.4678904
BRUSSELS,50.8465573,4.351697
DAVISBURG,42.7522507,-83.5413334
ELGIN,42.03726,-88.2810994
ENGLEWOOD,39.6482059,-104.9879641
FRIDLEY,45.0838291,-93.2590388
GYEONGSANGNAM-DO,35.375617,128.3301115
INUYAMA,35.360969,136.984018
LILBURN,33.8901036,-84.1429719
LOVELAND,40.3977612,-105.0749801
MADRID,40.4167047,-3.7035825
MANSFIELD,40.75839,-82.5154471
MASON,40.2302271,-89.8660433
MIYAZAKI,32.097681,131.294542
NEWMARKET,52.243851,0.4088225
NIIGATA,37.6452283,138.7669125
NORTH WALES,40.2109404,-75.2782317
ORANGE,33.7500378,-117.8704931
OTAKE,34.258478,132.186499
OWARIASAHI,35.208148,137.03722
POWELL,46.9109569,-113.0294193
SOLON,42.9563852,-0.0747775
STEVENSON RANCH,34.3864721,-118.5826635
SUWA,36.1217376,138.1155118
TULSA,36.1556805,-95.9929113
UTICA,43.1009031,-75.2326641
VARENNES,45.6834691,-73.4362737
WATERTOWN,42.3709299,-71.1828321
WEBB CITY,37.1464176,-94.463127
ALAMEDA,37.6090291,-121.899142
ATHENS,33.9597677,-83.376398
CLINTON,38.5896187,-89.420064
COON RAPIDS,45.1199652,-93.2877277
CRANBERRY TOWNSHIP,40.71067515,-80.1048606312172
ENCINO,34.1591324,-118.5016166
HAGA-GUN,36.5102425,140.126863
HONOLULU,21.3250785,-157.846644178573
HUZHOU,30.8645392,120.0950678
KALISPELL,48.2022563,-114.3167117
LAPEER,43.0904764,-83.2333705
MELBOURNE,-37.8142176,144.9631608
MODIIN,31.9085744,35.0069297
MORGAN HILL,37.130408,-121.6544974
NINGDE,26.6655699,119.5224895
NORTH PLAINFIELD,40.6301025,-74.4273743
NOTTULN,51.9302473,7.3533869
POTOMAC,39.017936,-77.2094542
RICHFIELD,44.8766431,-93.2877877
RIDGEFIELD,41.2814842,-73.4981792
RIVERSIDE,33.9533546,-117.3961623
SAN MARCOS,29.8826436,-97.9405828
SAN MARINO,43.9458623,12.458306
SANTA CRUZ,50.7504894,20.7829122
SUNTO-GUN,999.0,999.0
TUSTIN,33.7458511,-117.826166
VICENZA,45.5488306,11.5478825
WARROAD,48.905266,-95.314404
WINTERTHUR,47.4991723,8.7291498
ARVADA,39.8211225,-105.220742990446
BEAVERCREEK,39.7092262,-84.0632685
CARROLLTON,32.9537349,-96.8902816
COMMERCE TOWNSHIP,42.56921505,-83.4996709816269
EL CAJON,32.7947731,-116.9625269
HALIFAX,53.7229229,-1.8604874
HOLON,32.0193121,34.7804076
LAKE ELMO,44.9957998,-92.8793768
MAPLE RIDGE,49.2197385,-122.5998426
MERCER ISLAND,47.5766324,-122.2276378
MISSOURI CITY,29.6185669,-95.5377215
MORGANTOWN,39.6296809,-79.9559437
OAKDALE,44.9630216,-92.9649361
PALATINE,42.1105779,-88.0336888
POUGHKEEPSIE,41.7065779,-73.9284101
PROVIDENCE,41.8677428,-71.5814834
SEVEN HILLS,-27.4816478,153.0755733
SHIMONOSEKI,33.9577116,130.9415455
SILVER SPRING,38.9959081,-77.0288918
SOLANA BEACH,32.9905597,-117.2691316
SOUTH MILWAUKEE,42.9105722,-87.8606367
TAMA,35.637188,139.443503
TOKYO-TO,34.6968642,139.4049033
TONDABAYASHI,34.478781,135.595519
VALCOURT,48.6188131,4.9144141
WUNSTORF,52.4257979,9.4294425
WYOMING,43.1700264,-107.5685348
YAMANASHI,35.6399328,138.6380495
ANAHEIM,33.8347516,-117.911732
BARRINGTON,42.1539141,-88.1361888
BEILSTEIN,49.0403804,9.3137915
BLOOMINGTON,39.1670396,-86.5342881
BURNT HILLS,47.0171913,-53.9761934
CENTENNIAL,39.5680644,-104.97783081285
CONCORD,43.207178,-71.537476
CRYSTAL LAKE,42.2411344,-88.3161965
DAVIS,999.0,999.0
DEL MAR,32.9594891,-117.2653146
EAST AURORA,42.7689141,-78.6177611
GIVATAIM,32.0729606,34.8113279
GOTEMBA,35.301048,138.877573
HOKKAIDO,43.4519831,142.8197834
HSINCHU HSIEN,25.05899515,121.379951456882
HUNTSVILLE,34.729847,-86.5859011
HWASEONG,37.1994653,126.8312632
IRKUTSK,52.289597,104.280586
IZUMIOTSU,34.506612,135.408793
JACKSONVILLE,30.3321838,-81.655651
LA PRAIRIE,49.4542863,2.47313190410566
LANDSHUT,48.536217,12.1516551
LOCKPORT,43.168863,-78.6929557832681
LUND,55.7029296,13.1929449
MARKGROENINGEN,48.9050626,9.0808114
MUSASHINO,35.712898,139.563534
NASHVILLE,36.1622296,-86.7743531
NORTH CHILI,43.1197837,-77.8055632
NUKATA-GUN,34.8542344,137.168261
ORFORD,43.89817275,-72.0631523405139
OSAKA-FU,34.6198813,135.490357
PROVO,40.2338438,-111.6585337
STOCKHOLM,59.3251172,18.0710935
SYRACUSE,43.0481221,-76.1474244
TAKASAGO,34.7739854,134.7880412
TOYOKAWA,34.827644,137.378586
URBANA,40.1117174,-88.207301
WEST LAFAYETTE,40.4258686,-86.9080655
WEST RICHLAND,46.3004102,-119.3473437
WESTWOOD,38.2800702,-85.5827385
WHITEFISH BAY,43.1133445,-87.9000856
WOODRIDGE,41.7563344,-88.045559
ZHUHAI,21.9745252,113.931350084859
ZURICH,47.3769434,8.5414061
ARLINGTON HEIGHTS,42.0811563,-87.9802164
BAKERSFIELD,35.3738712,-119.0194639
BAY VILLAGE,41.4849875,-81.920832
BLACKSBURG,37.2296566,-80.4136767
BOULDER CITY,35.9785912,-114.8324851
BUFFALO GROVE,42.1514146,-87.959794
CANYON COUNTRY,34.4233293,-118.4720281
CEDARBURG,43.2966716,-87.9875898
CHONGQING,29.5585712,106.5492822
CORAL GABLES,25.6905515,-80.235008979837
CUMMING,34.2073196,-84.1401926
DAEJEON-SI,36.3496963,127.384902
DELMAR,38.4559497,-75.577425
DORTMUND,51.5142273,7.4652789
DUELMEN,51.8283677,7.2791406
EASTPOINTE,42.4683698,-82.9554746
ENCINITAS,33.0369867,-117.2919818
ESCONDIDO,33.1216751,-117.0814849
GASTONIA,35.262082,-81.1873005
GERLINGEN,48.7983947,9.0624386
JYUNGGI-DO,999.0,999.0
KOGANEI,35.7041083,139.5106759
KURASHIKI,34.584474,133.774635
LADERA RANCH,33.5510165,-117.6385401
LISLE,47.0618839,5.8157352
NEW BOSTON,42.9761945,-71.6939626
NÜRNBERG,49.453872,11.077298
PAINTED POST,42.16396,-77.0937953488168
RANDOLPH,38.0472916,-89.8107962
RIVER FALLS,44.8595111,-92.6265897
SAMMAMISH,47.6088445,-122.0423067
SAN PEDRO,-24.1602794,-56.7137496229702
STOW,41.1596261,-81.4406258
SUGAR HILL,44.215678,-71.799774
THE WOODLANDS,30.1734194,-95.504686
VENICE,45.4371908,12.3345898
WABAN,42.3273475,-71.2292763
APPLETON,44.2611337,-88.4067604
BRAMPTON,43.6858146,-79.7599337
CHITA-GUN,34.8593404,136.9110628
COVENTRY,52.4081812,-1.510477
EVEN YEHUDA,32.2724852,34.886767
EVERGREEN,53.6318325,-113.350502494293
FERNDALE,40.576241,-124.263944
FLORENCE,43.7698712,11.2555757
GAMAGORI,34.833929,137.225163
GROTON,41.3506989,-72.0773654
GROVER BEACH,35.1209452,-120.6218376
HANDA,34.893819,136.936997
HARTLAND,50.9927936,-4.4800636
HILTON,54.5930412,-1.7453566
HONEY BROOK,40.0942664,-75.9113306
JÜLICH,50.9220931,6.3611015
KANAGAWA-KEN,35.4342935,139.374753
KENT,51.2474823,0.7105077
LEANDER,30.5586046,-97.8444364
LONGBOAT KEY,27.3908761,-82.6417656
MASSILLON,40.7967244,-81.5215093
MCKINNEY,33.1976496,-96.6154471
MEDFORD,42.3264181,-122.8718605
MILL VALLEY,37.9060368,-122.5449763
NAGAHAMA,35.4857724,136.294057
OLNEY,39.1532123,-77.0668408
RAMAT GAN,32.0686867,34.8246812
RENTON,47.4799078,-122.2034496
ROCKWALL,32.9312336,-96.4597089
SALO,60.3846716,23.1286377
SHINGLE SPRINGS,38.671387,-120.940544707026
TAOYUAN SHIEN,28.9054056,111.4832027
VALLS,41.2835355,1.2473637
WORMS,49.6352685,8.3603088
ADA,38.8398935,-83.5051704
AMSTERDAM,52.3745403,4.89797550561798
ANSAN-SI,37.3217152,126.8308604
ASHIKAGA,36.3401914,139.4497731
CHUNGBUK,36.62816135,127.453846753726
CLEVELAND HEIGHTS,41.5200518,-81.556235
COOPERSBURG,40.5114864,-75.390336
DELAWARE,38.6920451,-75.4013315
DELFT,51.9994572,4.362724538544
DELTA,999.0,999.0
ELLINGTON,41.9039863,-72.4698071
FT. LAUDERDALE,26.1223084,-80.1433786
FUJI,35.3627616,138.7304887
GLENVILLE,42.8682502,-73.9282787
GRANBY,45.3990409,-72.721834
GWACHEON-SI,37.4289037,126.9881655
GWANGMYEONG-SI,37.4810539,126.8631275
HOD HASHARON,32.1561974,34.8930354
IRUMA-GUN,35.9230717,139.3137988
ISHIKAWA,36.9888678,136.8163563
JHONGLI,24.96238315,121.210117459441
KANSAS CITY,39.100105,-94.5781416
KAOHSIUNG COUNTY,22.6203348,120.3120375
KIRYU,36.4052473,139.3301417
MAHTOMEDI,45.0696886,-92.9516037
MALDEN,42.4250964,-71.066163
MEMPHIS,35.1490215,-90.0516285
MONTRÉAL,45.4972159,-73.6103642
NAGANO-KEN,36.1143945,138.0319015
NEW HAVEN,41.3082138,-72.9250518
NEW PARK,39.7348262,-76.5055208
NORTH ANDOVER,42.6839894,-71.1127065
OREGON,43.9792797,-120.737257
PALM BEACH GARDENS,26.8418256,-80.1359069466668
ROCK HILL,34.9248667,-81.0250784
RUTESHEIM,48.8083876,8.9482413
SEABROOK,29.5633199,-95.019723
SHEFFIELD,53.3806626,-1.4702278
SHIOJIRI,36.124957,137.952801
STONY BROOK,40.9256538,-73.140943
SUNTOU-GUN,35.1661384,138.8753158
TACHIKAWA,35.724463,139.404766
VENTURA,34.4458248,-119.0779359
WEINSTADT,48.8085568,9.3774813
WEST ALLIS,43.0166806,-88.0070315
WESTFIELD,42.1250929,-72.7495381
WOODLAND HILLS,34.1683306,-118.6059453
ABINGDON,36.7095788,-81.9774878
ASHIGARAKAMI-GUN,35.4032107,139.0753086
ATHERTON,37.4613272,-122.197743
BARCELONA,41.3828939,2.1774322
BETHESDA,38.9848265,-77.0946459
BOLTON,53.577694,-2.4288874
BREMERHAVEN,53.5522264,8.5865509
CHANGWON,35.227956,128.6818586
CHARLESTON,32.7876012,-79.9402728
CHESTNUT HILL,42.330653,-71.1622757
CLARENCE CENTER,43.0106139,-78.6375283
CLERMONT-FERRAND,45.7774551,3.0819427
CUYAHOGA FALLS,41.1348213,-81.4848086
DUNWOODY,33.9461513,-84.3345306
EAST WINDSOR,41.9156316,-72.6130726
EDMOND,35.6571367,-97.4649038
FAIR OAKS,39.3784978,-123.3413984
FOUNTAIN VALLEY,33.7038145,-117.9627349
FRANKFURT AM MAIN,50.1106444,8.6820917
GREENFIELD,42.5877962,-72.6006199
GROSSE POINTE,42.3861485,-82.9118591
GULF BREEZE,30.3571438,-87.1638574
HASTINGS,50.8553888,0.5824703
HAYWARD,37.6688205,-122.0807964
HIGH POINT,35.9556924,-80.0053176
HIGHLANDS RANCH,39.5538771,-104.9694264
KANATA,61.0666922,-107.9917071
KATY,29.7857853,-95.8243956
KENNESAW,34.0234337,-84.6154897
LANZHOU,36.0606904,103.8305691
LINO LAKES,45.1602442,-93.0888324
LYNNFIELD,42.5389836,-71.0481084
MARYSVILLE,39.1457247,-121.5913516
MILTON,42.2495435,-71.0661612
MIYAGI-KEN,38.3880155,140.9761025
MORIYAMA,35.0513649,135.9958308
NEW FAIRFIELD,41.4664832,-73.4856789
NEWBERRY,34.2753247,-81.6188633
NIWOT,40.1016754,-105.153489905382
OCEANSIDE,33.1958696,-117.3794834
OLTEN,47.3496571,7.903787
OMIYA,35.9062554,139.6238973
OSAN-SI,37.1499376,127.0774625
OYAMA,36.3147373,139.800148
PEACHTREE CITY,33.3967829,-84.5957629
PEARLAND,29.5639758,-95.2864299
PETALUMA,38.270022,-122.606122413043
PHILOMATH,44.5400013,-123.367613
QUEBEC,52.4760892,-71.8258668
SAGINAW,43.4200387,-83.9490365
SCHAUMBURG,42.0333608,-88.083406
SWINDON,51.5613683,-1.7856853
TAO-YUAN,37.4688261,126.6424009
TIANJIN,39.1235635,117.1980785
TOURS,47.3900474,0.6889268
USUI-GUN,35.7299474,140.1807516
VIRGINIA BEACH,36.8529841,-75.9774183
WELLINGTON,-41.2887467,174.7772092
WHITE BEAR LAKE,45.0838098,-93.0069304
WOODSTOCK,42.041003,-74.118329
WORTHINGTON,43.6205056,-95.5956434
BALDWIN,30.5677527,-87.7324392
BRADENTON,27.4989278,-82.5748194
CAMARILLO,34.2164099,-119.0376573
CASTLE ROCK,39.3724232,-104.8586706
CATANIA,37.5022355,15.08738
